{"cameraMode":{"drawMode":0,"name":"Shaded","section":"Shading Mode"},"sceneLighting":true,"audioPlay":false,"sceneViewState":{"showFog":true,"showMaterialUpdate":false,"showSkybox":false,"showFlares":true,"showImageEffects":true,"showParticleSystems":true},"in2DMode":false,"pivot":{"x":105.83008575439453,"y":72.41331481933594,"z":-99.10330200195313},"rotation":{"x":0.004206710495054722,"y":0.9932841658592224,"z":-0.03826024755835533,"w":0.1092013269662857},"size":987.8760375976563,"orthographic":false}